pref_en,pref_ja,year,all,food,housing,utilities,furniture,clothing,health,transport_comm,education,recreation,misc,all_ex_rent
Hokkaido,北海道,2025,102.4,102.5,92.6,117.8,101.6,107.3,100.9,101.1,96.1,98.8,103.5,103.2
Aomori,青森県,2025,97.9,97.1,94.2,110.3,100.2,100.5,99.8,99.2,88.4,96.4,89.3,98.8
Iwate,岩手県,2025,100,99.3,97.5,112.2,103.3,99.8,99.7,99.3,89.6,98.1,97.9,100.4
Miyagi,宮城県,2025,100.2,99.6,96.4,102.7,102,98.5,101.6,101.2,96.5,99.9,102.1,100.4
Akita,秋田県,2025,98.6,99.5,87.5,106.2,101.2,103.1,98.6,99.4,83.9,98.7,95.9,99.1
Yamagata,山形県,2025,100.1,101.3,93.5,109.7,98.6,97.9,98.8,101.1,106.1,96,93.2,100.9
Fukushima,福島県,2025,99,99.4,93.3,108.4,102.5,100.1,98.7,100.3,87.9,93.5,99,99.6
Ibaraki,茨城県,2025,97.5,97.2,95.7,107,92.3,95.3,99.2,97.8,93.2,95.8,98.1,98
Tochigi,栃木県,2025,97.3,98.2,86.4,101.9,102.4,101.6,100.5,98.2,92.9,92.3,99.8,97.6
Gunma,群馬県,2025,96.2,95.5,89.5,103,93.3,97.3,97.9,98.2,87.7,97.1,97.4,96.7
Saitama,埼玉県,2025,100.2,98.1,104.5,98.2,102.9,103.3,100.2,99.8,99.4,102.7,101.5,100
Chiba,千葉県,2025,100.5,99.1,111.8,100.3,99.8,98.6,100,99.7,98.4,100.4,101.6,100.4
Tokyo,東京都,2025,104.2,102.9,129.8,93.7,101.2,103.8,101.7,103.5,102.3,105.6,100.3,102.2
Kanagawa,神奈川県,2025,103.3,102.8,110.7,99.4,98,100.6,100.9,101.1,106.9,107.3,105.6,102.7
Niigata,新潟県,2025,97.8,98.1,83.8,102.9,97.2,103.1,98.3,99.4,94.8,98.8,99.7,98
Toyama,富山県,2025,98.7,101,93.8,103.8,100.1,101.8,100.3,98.5,78.1,94.7,101.8,99
Ishikawa,石川県,2025,99.4,102.4,82,104.9,99.6,107.3,98.7,98.9,99.1,96.7,98.3,100.1
Fukui,福井県,2025,99.3,102.2,87.3,99.8,103.7,98.3,100.2,100,106.1,93.8,98.2,99.6
Yamanashi,山梨県,2025,97.7,98,94.5,101.2,100.5,94.8,99.2,100,87.4,97.8,94,98.3
Nagano,長野県,2025,96.9,95,89.4,104.3,98.4,93.1,100.2,100.7,86.4,97.3,97.7,97.5
Gifu,岐阜県,2025,97.2,97.5,83.4,99.1,100.3,96.3,98.1,100.4,90.4,97.1,100.8,97.7
Shizuoka,静岡県,2025,98.2,97.5,92.5,101.1,102.7,100.4,100.7,100.1,87.6,99.8,97,98.7
Aichi,愛知県,2025,98,97.4,94.6,96.4,99.5,98.9,101.2,98.1,96.8,99.9,100.1,98.4
Mie,三重県,2025,98.1,98.7,88.9,100.4,97.9,97.5,99.3,99.1,103.6,95.9,98.1,98.6
Shiga,滋賀県,2025,97.7,97.4,83.3,95.5,101.3,94.6,100,100.4,112.4,94.7,103.3,98.2
Kyoto,京都府,2025,101.1,101.1,102.2,96.1,98.6,96.7,98.5,101.2,118.6,101.7,101.8,101
Osaka,大阪府,2025,99.9,99.1,98,90.6,100,97.3,98.4,100.3,124.7,102.8,99.4,99.8
Hyogo,兵庫県,2025,99.4,99.8,92.7,95.5,103.6,103.2,98.2,98.5,108.1,100,102.1,99.6
Nara,奈良県,2025,97.8,97.8,91.5,95.6,100.1,95.3,98.6,99.2,107,98.7,97.1,98.5
Wakayama,和歌山県,2025,97.7,98.1,87.4,96.7,98.5,100,100.5,99.9,107,94.8,97.5,98.5
Tottori,鳥取県,2025,99.1,102.2,85.8,105.7,99.6,103.6,98.3,98.8,93.8,95.3,97.9,99.8
Shimane,島根県,2025,99.8,102.5,89,109.5,101.6,94.8,100.1,99.5,93.4,95,98.4,100.4
Okayama,岡山県,2025,97.7,101.1,79.1,103.7,101.3,98.6,100.3,97.8,85.4,95.9,98.2,98.3
Hiroshima,広島県,2025,98.8,101.8,88.5,101.1,98.6,96.4,99.4,99.5,101.8,94.9,98.2,99.4
Yamaguchi,山口県,2025,99.6,102.6,95.3,108.1,99.1,102.6,101.7,98.6,81.6,94.8,98,100.2
Tokushima,徳島県,2025,98.9,101.2,90.7,104.6,96.7,100.8,97.9,99,95.3,95.1,99.4,99.6
Kagawa,香川県,2025,98.7,100.9,85.1,102.8,102.7,95.4,99.1,100.5,90.9,95.7,101.7,99.4
Ehime,愛媛県,2025,99.2,100.7,86.5,106,104.7,101.7,100.4,100,87.2,98.2,97.8,100
Kochi,高知県,2025,99.9,101.4,94.8,102.8,98.7,102.3,100.3,100,91.6,96.7,103.3,100.8
Fukuoka,福岡県,2025,98.5,99.2,96.4,100.1,98.6,96.2,100,99.4,94.6,97.1,98.7,99.1
Saga,佐賀県,2025,98.5,99.9,90.2,106.1,99,99.5,100.1,100.4,88.7,93,98.7,99.6
Nagasaki,長崎県,2025,99.6,101.5,95.1,106.3,102.1,103.1,100.2,100.2,89.4,94.9,94.1,100
Kumamoto,熊本県,2025,99.8,103.3,95.1,99,97.8,102.1,100.8,99.2,90.2,96.5,101.4,100.8
Oita,大分県,2025,97.4,99,85.4,100.6,98.1,97.8,99.2,98.7,98.3,97.2,94.6,98.6
Miyazaki,宮崎県,2025,98,98.6,101.3,100.5,98.4,96.4,97.1,98.6,96.2,93.6,96.6,98.9
Kagoshima,鹿児島県,2025,96.4,99,91.1,97.1,96.7,88.7,99.1,97.2,97.1,91.9,96.1,96.9
Okinawa,沖縄県,2025,100.4,106.6,95.4,104.8,96.9,98.9,99.1,97.7,92.1,97.9,91.9,101.3
