city,city_id,rent,n,cells
Aachen,Aachen,7.411161445950164,14166.574,58
Aschaffenburg,Aschaffenburg,7.265888865488181,4173.6630000000005,18
Augsburg,Augsburg,8.137856536221015,21725.191,93
Bamberg,Bamberg,7.879335371533446,5855.166,21
Bayreuth,Bayreuth,7.166058738116709,5070.881,21
Berlin,Berlin,8.090024428241154,92831.489,656
Bielefeld,Bielefeld,7.2096235793399135,21250.773,74
Bocholt,Bocholt,6.445919397057449,7771.354,18
Bonn,Bonn,8.169892379932843,74265.146,258
Bremen,Bremen,7.611065729968356,27018.589,131
Bremerhaven,Bremerhaven,5.799440812080432,7743.9619999999995,40
Brunswick,Brunswick,7.097420160895118,17626.638,64
Ch'ósebuz,Ch'ósebuz,5.48928193350236,1948.009,25
Chemnitz,Chemnitz,5.3814131955746225,13840.625,76
Cologne,Cologne,8.359209466022843,58541.418,277
Darmstadt,Darmstadt,9.306276005970977,4474.309,30
Delmenhorst,Delmenhorst,6.35184048669165,8143.308,25
Dormagen,Dormagen,7.641322568730306,3487.108,16
Dortmund,Dortmund,6.271489979957369,70709.28,250
Dresden,Dresden,6.6469284404137445,30442.574,154
Dusseldorf,Dusseldorf,8.400167593848288,52356.337,227
Erfurt,Erfurt,6.418918437522273,4307.287,47
Erlangen,Erlangen,9.082793422531457,8967.827,38
Essen,Essen,6.0645549506716865,195365.692,856
Flensburg,Flensburg,6.935220975034656,5732.186,28
Frankfurt,Frankfurt,9.227075692546416,31088.53,191
Freiburg im Breisgau,Freiburg im Breisgau,9.785712430823597,6371.573,46
Fulda,Fulda,6.636827327675547,7433.768,17
Gera,Gera,5.047391304127496,7893.308,21
Gerlingen,Gerlingen,9.674199042164691,5979.316,16
Giessen,Giessen,7.984316357831665,3629.6620000000003,18
Goeppingen,Goeppingen,7.588526067960965,10386.639,27
Göttingen,Göttingen,7.445788469139654,5097.885,28
Gütersloh,Gütersloh,6.560611881218689,6477.45,19
Hagen,Hagen,5.531772081680994,10814.462,52
Halle,Halle,6.312251531889297,7419.433,57
Hamburg,Hamburg,9.207613860243985,83600.866,434
Hamm,Hamm,5.634935142128906,7281.383,28
Hanau,Hanau,7.590080988438178,9661.626,28
Hanover,Hanover,7.452084793647205,46514.829,196
Heidelberg,Heidelberg,9.049153560919725,7688.421,42
Heilbronn,Heilbronn,8.210450081744435,12742.152,45
Hennigsdorf,Hennigsdorf,8.007753218533681,3043.389,17
Hildesheim,Hildesheim,6.246124115004804,5121.073,24
Ingolstadt,Ingolstadt,9.435771126489614,5847.99,31
Iserlohn,Iserlohn,5.624391704288688,6282.668,23
Jena,Jena,7.529471689267728,4760.986,29
Kaiserslautern,Kaiserslautern,6.441933097161502,6606.207,23
Karlsruhe,Karlsruhe,8.185750859148962,20893.932,91
Kassel,Kassel,6.54766925055812,21583.208,81
Kempten (Allgäu),Kempten (Allgäu),7.007163350551557,6772.282,26
Kiel,Kiel,7.754125876197269,12659.963,69
Koblenz,Koblenz,7.101684842079049,17588.23,55
Konstanz,Konstanz,9.27198804007929,4271.433,15
Krefeld,Krefeld,6.59775525141642,18041.085,61
Landshut,Landshut,7.905385187405858,5727.329,23
Leipzig,Leipzig,6.459709877570744,27159.603,162
Lubeck,Lubeck,7.639520129375233,13572.304,58
Lueneburg,Lueneburg,8.06719567992546,4213.631,19
Lüdenscheid,"Lüdenscheid, DEU",5.787466599747016,6728.467,16
Magdeburg,Magdeburg,5.787714033741087,13426.598,72
Mannheim,Mannheim,7.635080959811594,23397.967,111
Marl,Marl,6.1920355919133545,3439.152,18
Minden,Minden,5.882257234557596,6617.509,22
Muenster,Muenster,8.464084662900001,18770.276,71
Munich,Munich,12.647533392714431,76483.375,339
Mönchengladbach,Mönchengladbach,6.358903738407198,16593.056,72
Neumuenster,Neumuenster,6.413248375251857,6984.621,29
Neuwied,Neuwied,5.924387182989976,6723.565,26
Nuremberg,Nuremberg,7.951845186803082,33539.195,161
Oldenburg,Oldenburg,7.717821096801131,16314.644,59
Osnabrueck,Osnabrueck,6.985646783202685,7707.946,38
Paderborn,Paderborn,6.848803227101965,3964.052,26
Pforzheim,Pforzheim,7.195630179255546,6718.509,22
Potsdam,Potsdam,8.841649253421455,7465.39,55
Ravensburg,Ravensburg,8.365501070686886,3340.846,15
Regensburg,Regensburg,8.84041860256716,8704.175,40
Reinbek,Reinbek,8.409157810323846,6939.5650000000005,37
Remscheid,Remscheid,5.697747851551201,4995.581,21
Reutlingen,Reutlingen,7.88170319447556,10332.995,32
Ritterhude,Ritterhude,6.8414821199818165,8748.509,23
Rosenheim,Rosenheim,8.758827260027221,6015.724,22
Rostock,Rostock,8.048086869726458,6441.945,51
Rüsselsheim am Main,Rüsselsheim am Main,8.264565848107162,11189.494,32
Saarbruecken,Saarbruecken,6.695336670943065,12214.33,41
Schweinfurt,Schweinfurt,6.2932115244086395,4279.161,19
Schwerin,Schwerin,6.462870140787628,2402.91,14
Siegen,Siegen,6.507992390125153,7058.986,28
Sindelfingen,Sindelfingen,9.989304390139772,4440.952,22
Stuttgart,Stuttgart,9.661543628873185,67497.079,246
Trier,Trier,7.73084315400524,6076.553,24
Tübingen,Tübingen,10.411390147024237,5799.588,17
Ulm,Ulm,8.756114752400961,9097.814,35
Unna,Unna,5.943208077669003,7931.298,25
Wiesbaden,Wiesbaden,9.461670189313098,16596.897,106
Wolfsburg,Wolfsburg,7.741629871809493,6707.595,38
Wuerzburg,Wuerzburg,7.593850448389619,10022.199,39
Wuppertal,Wuppertal,6.739811556912096,59386.365,220
Zwickau,Zwickau,5.257649212533453,3326.681,23
