ccode,city,rent,src
CAN,Toronto,2045.0,can
CAN,Montreal,1346.0,can
CAN,Vancouver,2364.0,can
CAN,Calgary,1908.0,can
CAN,Edmonton,1598.0,can
CAN,Winnipeg,1570.0,can
CAN,Quebec,1276.0,can
CAN,Ottawa,1757.0,can
CAN,Hamilton,1659.0,can
CAN,Kitchener,1816.0,can
CAN,London,1645.0,can
CAN,Oshawa,1762.0,can
FRA,Paris,26.43,fra
FRA,Lyon,16.06,fra
FRA,Marseille,16.72,fra
FRA,Lille,14.86,fra
FRA,Toulouse,13.81,fra
FRA,Bordeaux,15.39,fra
FRA,Nantes,14.27,fra
FRA,Strasbourg,15.32,fra
FRA,Nice,20.13,fra
FRA,Grenoble,13.55,fra
FRA,Montpellier,15.53,fra
FRA,Rouen,12.87,fra
DEU,Berlin,8.09,deu
DEU,Essen,6.065,deu
DEU,Munich,12.648,deu
DEU,Hamburg,9.208,deu
DEU,Cologne,8.359,deu
DEU,Dusseldorf,8.4,deu
DEU,Frankfurt,9.227,deu
DEU,Stuttgart,9.662,deu
DEU,Bonn,8.17,deu
DEU,Dortmund,6.271,deu
DEU,Hanover,7.452,deu
DEU,Wuppertal,6.74,deu
DEU,Nuremberg,7.952,deu
DEU,Leipzig,6.46,deu
DEU,Dresden,6.647,deu
DEU,Mannheim,7.635,deu
DEU,Bremen,7.611,deu
DEU,Wiesbaden,9.462,deu
DEU,Augsburg,8.138,deu
DEU,Karlsruhe,8.186,deu
AUS,Sydney,470.0,aus
AUS,Melbourne,390.0,aus
AUS,Brisbane,380.0,aus
AUS,Perth,350.0,aus
AUS,Adelaide,320.0,aus
AUS,Point Cook,390.0,aus
