ccode,city,rent,unit,period,source_name,source_url,notes
ISR,Tel Aviv,7421.4,"ILS per dwelling per month (average, all sizes 1-4.5+ rooms)",2026-Q2,"Israel Central Bureau of Statistics, Price Statistics Monthly No. 7/2026, Table 4.9 Average Monthly Prices of Rent (NIS), by Residential District, Big Cities and Size Group",https://www.cbs.gov.il/he/publications/Madad/DocLib/2026/price08a/a4_9_e.xlsx,"City municipality (CBS ""big cities"", code 5000). Average monthly free-market rent of all contracts active in Apr-Jun 2026 (CPI rent survey), all size groups; composition by rooms differs across cities. 3.5-4 room dwellings only: 8871.6. 2025 annual average (all sizes): 7201.1."
ISR,Jerusalem,5347.4,"ILS per dwelling per month (average, all sizes 1-4.5+ rooms)",2026-Q2,"Israel Central Bureau of Statistics, Price Statistics Monthly No. 7/2026, Table 4.9 Average Monthly Prices of Rent (NIS), by Residential District, Big Cities and Size Group",https://www.cbs.gov.il/he/publications/Madad/DocLib/2026/price08a/a4_9_e.xlsx,"City municipality (CBS ""big cities"", code 3000). Average monthly free-market rent of all contracts active in Apr-Jun 2026 (CPI rent survey), all size groups; composition by rooms differs across cities. 3.5-4 room dwellings only: 6179.6. 2025 annual average (all sizes): 5164.1."
ISR,Haifa,3405.4,"ILS per dwelling per month (average, all sizes 1-4.5+ rooms)",2026-Q2,"Israel Central Bureau of Statistics, Price Statistics Monthly No. 7/2026, Table 4.9 Average Monthly Prices of Rent (NIS), by Residential District, Big Cities and Size Group",https://www.cbs.gov.il/he/publications/Madad/DocLib/2026/price08a/a4_9_e.xlsx,"City municipality (CBS ""big cities"", code 4000). Average monthly free-market rent of all contracts active in Apr-Jun 2026 (CPI rent survey), all size groups; composition by rooms differs across cities. 3.5-4 room dwellings only: 4060.6. 2025 annual average (all sizes): 3298.0."
KAZ,Almaty,6224.0,"KZT per m2 per month (average rent, improved/well-appointed housing)",2026-08,"Bureau of National Statistics of Kazakhstan (ASPR), ""Индексы цен и цены на рынке жилья в Республике Казахстан (август 2026г.)"", table 2 Average prices on the housing market, column Арендная плата за благоустроенное жилье",https://stat.gov.kz/api/iblock/element/347973/file/ru/,"City as reported by BNS (Алматы; regional/oblast centre city, not metro). Average monthly rent per m2 of improved (благоустроенное) housing from BNS housing-price registration (forms 1-ЦРЖ / 1-ЦРЖэ); national average 5350. Publication dated 9 Sep 2026."
KAZ,Astana,6079.0,"KZT per m2 per month (average rent, improved/well-appointed housing)",2026-08,"Bureau of National Statistics of Kazakhstan (ASPR), ""Индексы цен и цены на рынке жилья в Республике Казахстан (август 2026г.)"", table 2 Average prices on the housing market, column Арендная плата за благоустроенное жилье",https://stat.gov.kz/api/iblock/element/347973/file/ru/,"City as reported by BNS (Астана; regional/oblast centre city, not metro). Average monthly rent per m2 of improved (благоустроенное) housing from BNS housing-price registration (forms 1-ЦРЖ / 1-ЦРЖэ); national average 5350. Publication dated 9 Sep 2026."
KAZ,Shymkent,4544.0,"KZT per m2 per month (average rent, improved/well-appointed housing)",2026-08,"Bureau of National Statistics of Kazakhstan (ASPR), ""Индексы цен и цены на рынке жилья в Республике Казахстан (август 2026г.)"", table 2 Average prices on the housing market, column Арендная плата за благоустроенное жилье",https://stat.gov.kz/api/iblock/element/347973/file/ru/,"City as reported by BNS (Шымкент; regional/oblast centre city, not metro). Average monthly rent per m2 of improved (благоустроенное) housing from BNS housing-price registration (forms 1-ЦРЖ / 1-ЦРЖэ); national average 5350. Publication dated 9 Sep 2026."
KAZ,Karaganda,5219.0,"KZT per m2 per month (average rent, improved/well-appointed housing)",2026-08,"Bureau of National Statistics of Kazakhstan (ASPR), ""Индексы цен и цены на рынке жилья в Республике Казахстан (август 2026г.)"", table 2 Average prices on the housing market, column Арендная плата за благоустроенное жилье",https://stat.gov.kz/api/iblock/element/347973/file/ru/,"City as reported by BNS (Караганда; regional/oblast centre city, not metro). Average monthly rent per m2 of improved (благоустроенное) housing from BNS housing-price registration (forms 1-ЦРЖ / 1-ЦРЖэ); national average 5350. Publication dated 9 Sep 2026."
TUR,Istanbul,463.9,"TRY per m2 per month (average asking rent, residential listings)",2026-08,"Betam (Bahcesehir University) with sahibinden.com, sahibindex Kiralik Konut Piyasasi Gorunumu: Eylul 2026 (published report)",https://betam.bahcesehir.edu.tr/wp-content/uploads/2026/09/Kiralik-Konut-Piyasasi-Gorunumu-Eylul-2026.docx,"Province (il) level, not city/metro. Average asking rent per m2 of residential rental listings on sahibinden.com in Aug 2026 (stratified median method after outlier cleaning, per report methodology table); asking not contract rent. Taken from the published report, no listing data accessed. National average 297.4. Value from report table (yearly change 39.2%); Aug 2025: 333.3."
TUR,Ankara,300.0,"TRY per m2 per month (average asking rent, residential listings)",2026-08,"Betam (Bahcesehir University) with sahibinden.com, sahibindex Kiralik Konut Piyasasi Gorunumu: Eylul 2026 (published report)",https://betam.bahcesehir.edu.tr/wp-content/uploads/2026/09/Kiralik-Konut-Piyasasi-Gorunumu-Eylul-2026.docx,"Province (il) level, not city/metro. Average asking rent per m2 of residential rental listings on sahibinden.com in Aug 2026 (stratified median method after outlier cleaning, per report methodology table); asking not contract rent. Taken from the published report, no listing data accessed. National average 297.4. Value from report summary text."
TUR,Izmir,333.3,"TRY per m2 per month (average asking rent, residential listings)",2026-08,"Betam (Bahcesehir University) with sahibinden.com, sahibindex Kiralik Konut Piyasasi Gorunumu: Eylul 2026 (published report)",https://betam.bahcesehir.edu.tr/wp-content/uploads/2026/09/Kiralik-Konut-Piyasasi-Gorunumu-Eylul-2026.docx,"Province (il) level, not city/metro. Average asking rent per m2 of residential rental listings on sahibinden.com in Aug 2026 (stratified median method after outlier cleaning, per report methodology table); asking not contract rent. Taken from the published report, no listing data accessed. National average 297.4. Value from report summary text."
TUR,Kayseri,150.0,"TRY per m2 per month (average asking rent, residential listings)",2026-08,"Betam (Bahcesehir University) with sahibinden.com, sahibindex Kiralik Konut Piyasasi Gorunumu: Eylul 2026 (published report)",https://betam.bahcesehir.edu.tr/wp-content/uploads/2026/09/Kiralik-Konut-Piyasasi-Gorunumu-Eylul-2026.docx,"Province (il) level, not city/metro. Average asking rent per m2 of residential rental listings on sahibinden.com in Aug 2026 (stratified median method after outlier cleaning, per report methodology table); asking not contract rent. Taken from the published report, no listing data accessed. National average 297.4. Value from report table of top yearly increases; Aug 2025: 115.0."
CZE,Prague,357.7,"CZK per m2 per month (hedonic model rent, reference 2-room flat VK2, excl. service charges)",2026-Q2,"Ministerstvo financí ČR, Cenové mapy nájemného, release 15 Aug 2026 (ID 26.15.08.001), sheet Cenové mapy nájemného",https://mf.gov.cz/assets/attachments/2026-08-15_Cenova-mapa.xlsx,"Core municipality (obec Praha). MF publishes Prague by cadastral area only: value is the unweighted mean of the 112 cadastral areas of Praha (range 283-435, median 358.5). Reference flat = unfurnished, >5 yrs old, 2+kk/2+1, no balcony/garage; asking (offered) rents, model data 1 Jul 2021-30 Jun 2026 weighted to 2026. Other size classes, mean of cadastral areas: VK1 419.3, VK3 328.0, VK4 321.0."
CZE,Brno,300.2,"CZK per m2 per month (hedonic model rent, reference 2-room flat VK2, excl. service charges)",2026-Q2,"Ministerstvo financí ČR, Cenové mapy nájemného, release 15 Aug 2026 (ID 26.15.08.001), sheet Cenové mapy nájemného",https://mf.gov.cz/assets/attachments/2026-08-15_Cenova-mapa.xlsx,"Core municipality (obec Brno). MF publishes Brno by cadastral area only: value is the unweighted mean of the 48 cadastral areas of Brno (range 264-375, median 301.5). Reference flat = unfurnished, >5 yrs old, 2+kk/2+1, no balcony/garage; asking (offered) rents, model data 1 Jul 2021-30 Jun 2026 weighted to 2026. Other size classes, mean of cadastral areas: VK1 364.4, VK3 279.5, VK4 269.0."
POL,Warsaw,3888.0,"PLN per dwelling per month (average asking rent, flats 40-59 m2)",2026-06,"Bankier.pl, ""Ceny ofertowe wynajmu mieszkań - lipiec 2026 [Raport Bankier.pl]"" (published 15 Jul 2026), table Średnie ceny ofertowe najmu w wybranych miastach w czerwcu 2026 r., source Otodom Analytics",https://www.bankier.pl/wiadomosc/Ceny-ofertowe-wynajmu-mieszkan-lipiec-2026-Raport-Bankier-pl-9167757.html,"Core city (Warszawa). Average asking rent of flats 40-59 m2 listed on Otodom in June 2026, as published in the Bankier.pl report (no listing data accessed). 0-40 m2: 2976; 60-89 m2: 6056. Asking rent; the report does not say whether administrative charges (czynsz administracyjny) are included. Included so all POL cities share one source; the NBP transaction rent per m2 for Warsaw (85.1 PLN/m2, 2026-Q1) is in rents_americas_africa_pl.csv."
POL,Krakow,3097.0,"PLN per dwelling per month (average asking rent, flats 40-59 m2)",2026-06,"Bankier.pl, ""Ceny ofertowe wynajmu mieszkań - lipiec 2026 [Raport Bankier.pl]"" (published 15 Jul 2026), table Średnie ceny ofertowe najmu w wybranych miastach w czerwcu 2026 r., source Otodom Analytics",https://www.bankier.pl/wiadomosc/Ceny-ofertowe-wynajmu-mieszkan-lipiec-2026-Raport-Bankier-pl-9167757.html,"Core city (Kraków). Average asking rent of flats 40-59 m2 listed on Otodom in June 2026, as published in the Bankier.pl report (no listing data accessed). 0-40 m2: 2463; 60-89 m2: 4130. Asking rent; the report does not say whether administrative charges (czynsz administracyjny) are included."
POL,Wroclaw,2986.0,"PLN per dwelling per month (average asking rent, flats 40-59 m2)",2026-06,"Bankier.pl, ""Ceny ofertowe wynajmu mieszkań - lipiec 2026 [Raport Bankier.pl]"" (published 15 Jul 2026), table Średnie ceny ofertowe najmu w wybranych miastach w czerwcu 2026 r., source Otodom Analytics",https://www.bankier.pl/wiadomosc/Ceny-ofertowe-wynajmu-mieszkan-lipiec-2026-Raport-Bankier-pl-9167757.html,"Core city (Wrocław). Average asking rent of flats 40-59 m2 listed on Otodom in June 2026, as published in the Bankier.pl report (no listing data accessed). 0-40 m2: 2411; 60-89 m2: 3990. Asking rent; the report does not say whether administrative charges (czynsz administracyjny) are included."
POL,Gdansk,3193.0,"PLN per dwelling per month (average asking rent, flats 40-59 m2)",2026-06,"Bankier.pl, ""Ceny ofertowe wynajmu mieszkań - lipiec 2026 [Raport Bankier.pl]"" (published 15 Jul 2026), table Średnie ceny ofertowe najmu w wybranych miastach w czerwcu 2026 r., source Otodom Analytics",https://www.bankier.pl/wiadomosc/Ceny-ofertowe-wynajmu-mieszkan-lipiec-2026-Raport-Bankier-pl-9167757.html,"Core city (Gdańsk). Average asking rent of flats 40-59 m2 listed on Otodom in June 2026, as published in the Bankier.pl report (no listing data accessed). 0-40 m2: 2578; 60-89 m2: 4436. Asking rent; the report does not say whether administrative charges (czynsz administracyjny) are included."
POL,Poznán,2703.0,"PLN per dwelling per month (average asking rent, flats 40-59 m2)",2026-06,"Bankier.pl, ""Ceny ofertowe wynajmu mieszkań - lipiec 2026 [Raport Bankier.pl]"" (published 15 Jul 2026), table Średnie ceny ofertowe najmu w wybranych miastach w czerwcu 2026 r., source Otodom Analytics",https://www.bankier.pl/wiadomosc/Ceny-ofertowe-wynajmu-mieszkan-lipiec-2026-Raport-Bankier-pl-9167757.html,"Core city (Poznań). Average asking rent of flats 40-59 m2 listed on Otodom in June 2026, as published in the Bankier.pl report (no listing data accessed). 0-40 m2: 2114; 60-89 m2: 3470. Asking rent; the report does not say whether administrative charges (czynsz administracyjny) are included."
POL,Łódź,2357.0,"PLN per dwelling per month (average asking rent, flats 40-59 m2)",2026-06,"Bankier.pl, ""Ceny ofertowe wynajmu mieszkań - lipiec 2026 [Raport Bankier.pl]"" (published 15 Jul 2026), table Średnie ceny ofertowe najmu w wybranych miastach w czerwcu 2026 r., source Otodom Analytics",https://www.bankier.pl/wiadomosc/Ceny-ofertowe-wynajmu-mieszkan-lipiec-2026-Raport-Bankier-pl-9167757.html,"Core city (Łódź). Average asking rent of flats 40-59 m2 listed on Otodom in June 2026, as published in the Bankier.pl report (no listing data accessed). 0-40 m2: 1848; 60-89 m2: 3160. Asking rent; the report does not say whether administrative charges (czynsz administracyjny) are included."
POL,Katowice,2430.0,"PLN per dwelling per month (average asking rent, flats 40-59 m2)",2026-06,"Bankier.pl, ""Ceny ofertowe wynajmu mieszkań - lipiec 2026 [Raport Bankier.pl]"" (published 15 Jul 2026), table Średnie ceny ofertowe najmu w wybranych miastach w czerwcu 2026 r., source Otodom Analytics",https://www.bankier.pl/wiadomosc/Ceny-ofertowe-wynajmu-mieszkan-lipiec-2026-Raport-Bankier-pl-9167757.html,"Core city (Katowice). Average asking rent of flats 40-59 m2 listed on Otodom in June 2026, as published in the Bankier.pl report (no listing data accessed). 0-40 m2: 1816; 60-89 m2: 3105. Asking rent; the report does not say whether administrative charges (czynsz administracyjny) are included."
POL,Szczecin,2796.0,"PLN per dwelling per month (average asking rent, flats 40-59 m2)",2026-06,"Bankier.pl, ""Ceny ofertowe wynajmu mieszkań - lipiec 2026 [Raport Bankier.pl]"" (published 15 Jul 2026), table Średnie ceny ofertowe najmu w wybranych miastach w czerwcu 2026 r., source Otodom Analytics",https://www.bankier.pl/wiadomosc/Ceny-ofertowe-wynajmu-mieszkan-lipiec-2026-Raport-Bankier-pl-9167757.html,"Core city (Szczecin). Average asking rent of flats 40-59 m2 listed on Otodom in June 2026, as published in the Bankier.pl report (no listing data accessed). 0-40 m2: 2221; 60-89 m2: 3848. Asking rent; the report does not say whether administrative charges (czynsz administracyjny) are included."
POL,Lublin,2643.0,"PLN per dwelling per month (average asking rent, flats 40-59 m2)",2026-06,"Bankier.pl, ""Ceny ofertowe wynajmu mieszkań - lipiec 2026 [Raport Bankier.pl]"" (published 15 Jul 2026), table Średnie ceny ofertowe najmu w wybranych miastach w czerwcu 2026 r., source Otodom Analytics",https://www.bankier.pl/wiadomosc/Ceny-ofertowe-wynajmu-mieszkan-lipiec-2026-Raport-Bankier-pl-9167757.html,"Core city (Lublin). Average asking rent of flats 40-59 m2 listed on Otodom in June 2026, as published in the Bankier.pl report (no listing data accessed). 0-40 m2: 2155; 60-89 m2: 2985. Asking rent; the report does not say whether administrative charges (czynsz administracyjny) are included."
ROU,Bucharest,585.0,"EUR per dwelling per month (average asking rent, 2-room apartment)",2026-07,"Storia (OLX Group Romania), press release ""Analiză Storia: Căutările pentru chirii se intensifică în perioada premergătoare noului an universitar"" (24 Aug 2026)",https://www.storia.ro/blog/newsroom/analiza-storia-cautarile-pentru-chirii-se-intensifica-in-perioada-premergatoare-noului-an-universitar-contactarile-au-crescut-cu-45-fata-de-iunie,"Average asking rent in Storia listings for July 2026, as published in the press release (no listing data accessed). Storia gives 2-room rents for Bucharest only by sector: value is the unweighted mean of the six sectors (S1 650, S2 650, S3 570, S4 500, S5 590, S6 550). Release also gives a city-wide 1-3 room average of 593 (Cluj-Napoca 599 on that basis), not available for the other cities."
ROU,Cluj-Napoca,599.0,"EUR per dwelling per month (average asking rent, 2-room apartment)",2026-07,"Storia (OLX Group Romania), press release ""Analiză Storia: Căutările pentru chirii se intensifică în perioada premergătoare noului an universitar"" (24 Aug 2026)",https://www.storia.ro/blog/newsroom/analiza-storia-cautarile-pentru-chirii-se-intensifica-in-perioada-premergatoare-noului-an-universitar-contactarile-au-crescut-cu-45-fata-de-iunie,"Average asking rent in Storia listings for July 2026, as published in the press release (no listing data accessed). City-wide. Studio 400, 3-room 749."
ROU,Timișoara,450.0,"EUR per dwelling per month (average asking rent, 2-room apartment)",2026-07,"Storia (OLX Group Romania), press release ""Analiză Storia: Căutările pentru chirii se intensifică în perioada premergătoare noului an universitar"" (24 Aug 2026)",https://www.storia.ro/blog/newsroom/analiza-storia-cautarile-pentru-chirii-se-intensifica-in-perioada-premergatoare-noului-an-universitar-contactarile-au-crescut-cu-45-fata-de-iunie,"Average asking rent in Storia listings for July 2026, as published in the press release (no listing data accessed). City-wide. Studio 300, 3-room 500."
ROU,Iași,450.0,"EUR per dwelling per month (average asking rent, 2-room apartment)",2026-07,"Storia (OLX Group Romania), press release ""Analiză Storia: Căutările pentru chirii se intensifică în perioada premergătoare noului an universitar"" (24 Aug 2026)",https://www.storia.ro/blog/newsroom/analiza-storia-cautarile-pentru-chirii-se-intensifica-in-perioada-premergatoare-noului-an-universitar-contactarile-au-crescut-cu-45-fata-de-iunie,"Average asking rent in Storia listings for July 2026, as published in the press release (no listing data accessed). City-wide. Studio 350, 3-room 550."
GRC,Athens,9.8,"EUR per m2 per month (average rent, RE/MAX rental transactions)",2026,"RE/MAX Greece 2026 rent map (rental transactions through RE/MAX Greece, 124 areas), as reported by ProtoThema English, 3 Sep 2026",https://en.protothema.gr/2026/09/03/the-2026-rent-map-which-areas-saw-prices-soar-and-the-leaders-in-athens-thessaloniki-and-the-islands/,"Area = ""Municipality of Athens & neighboring districts"" (core, not all Attica). Agency transaction rents, not official statistics; method and sample not published. 2025: 9.3. Other Attica areas 2026: Northern Suburbs 10.3, Southern Suburbs 11.1, Western Suburbs 7.4, Piraeus 7.8. Spitogatos asking-rent press coverage gives only sub-areas (e.g. Athens Centre 11.8, Q2 2026), no city aggregate."
GRC,Thessaloniki,7.7,"EUR per m2 per month (average rent, RE/MAX rental transactions)",2026,"RE/MAX Greece 2026 rent map (rental transactions through RE/MAX Greece, 124 areas), as reported by ProtoThema English, 3 Sep 2026",https://en.protothema.gr/2026/09/03/the-2026-rent-map-which-areas-saw-prices-soar-and-the-leaders-in-athens-thessaloniki-and-the-islands/,"Area = Thessaloniki regional unit (wider than the municipality, includes cheaper suburbs), so not like-for-like with the Athens core figure. Agency transaction rents, not official statistics. 2025: 7.4."
UKR,Kyiv,10473.75,"UAH per dwelling per month (average price, rent of a 1-room flat)",2026-08,"State Statistics Service of Ukraine (Derzhstat) average consumer prices by region, item ""Плата за оренду 1-кімнатної квартири"", as republished by index.minfin.com.ua (updated 14 Sep 2026)",https://index.minfin.com.ua/ua/markets/product-prices/rent_for_1room_apartment/,"Region ""м.Київ"". Kyiv city (own region). CPI price-registration average, Aug 2026; well below listing-site asking rents, so read as an official consistent level, not a market quote. Derzhstat original table not located on ukrstat.gov.ua; figures taken from the Minfin republication, which cites ukrstat.gov.ua. National average 8856.11."
UKR,Kharkiv,6024.68,"UAH per dwelling per month (average price, rent of a 1-room flat)",2026-08,"State Statistics Service of Ukraine (Derzhstat) average consumer prices by region, item ""Плата за оренду 1-кімнатної квартири"", as republished by index.minfin.com.ua (updated 14 Sep 2026)",https://index.minfin.com.ua/ua/markets/product-prices/rent_for_1room_apartment/,"Region ""Харківська обл."". Oblast-level average (Kharkiv oblast), not city-only. CPI price-registration average, Aug 2026; well below listing-site asking rents, so read as an official consistent level, not a market quote. Derzhstat original table not located on ukrstat.gov.ua; figures taken from the Minfin republication, which cites ukrstat.gov.ua. National average 8856.11."
UKR,Odesa,5548.56,"UAH per dwelling per month (average price, rent of a 1-room flat)",2026-08,"State Statistics Service of Ukraine (Derzhstat) average consumer prices by region, item ""Плата за оренду 1-кімнатної квартири"", as republished by index.minfin.com.ua (updated 14 Sep 2026)",https://index.minfin.com.ua/ua/markets/product-prices/rent_for_1room_apartment/,"Region ""Одеська обл."". Oblast-level average (Odesa oblast), not city-only. CPI price-registration average, Aug 2026; well below listing-site asking rents, so read as an official consistent level, not a market quote. Derzhstat original table not located on ukrstat.gov.ua; figures taken from the Minfin republication, which cites ukrstat.gov.ua. National average 8856.11."
UKR,Dnipro,6976.9,"UAH per dwelling per month (average price, rent of a 1-room flat)",2026-08,"State Statistics Service of Ukraine (Derzhstat) average consumer prices by region, item ""Плата за оренду 1-кімнатної квартири"", as republished by index.minfin.com.ua (updated 14 Sep 2026)",https://index.minfin.com.ua/ua/markets/product-prices/rent_for_1room_apartment/,"Region ""Дніпропетровська обл."". Oblast-level average (Dnipropetrovsk oblast), not city-only. CPI price-registration average, Aug 2026; well below listing-site asking rents, so read as an official consistent level, not a market quote. Derzhstat original table not located on ukrstat.gov.ua; figures taken from the Minfin republication, which cites ukrstat.gov.ua. National average 8856.11."
UKR,Lviv,13945.27,"UAH per dwelling per month (average price, rent of a 1-room flat)",2026-08,"State Statistics Service of Ukraine (Derzhstat) average consumer prices by region, item ""Плата за оренду 1-кімнатної квартири"", as republished by index.minfin.com.ua (updated 14 Sep 2026)",https://index.minfin.com.ua/ua/markets/product-prices/rent_for_1room_apartment/,"Region ""Львівська обл."". Oblast-level average (Lviv oblast), not city-only. CPI price-registration average, Aug 2026; well below listing-site asking rents, so read as an official consistent level, not a market quote. Derzhstat original table not located on ukrstat.gov.ua; figures taken from the Minfin republication, which cites ukrstat.gov.ua. National average 8856.11."
BLR,Minsk,1100.0,"BYN per dwelling per month (median rent, 1-room flat)",2026-08,"Kufar Nedvizhimost (Kufar real estate service) rental data, as reported by npr.by, ""Родители vs общежитие: сколько стоит снять жилье для студента в разных городах Беларуси"" (25 Aug 2026)",https://npr.by/roditeli-vs-obshhezhitie-skolko-stoit-snyat-zhile-dlya-studenta-v-raznyh-gorodah-belarusi/,"Median rent of 1-room flats from Kufar Nedvizhimost listings (deals marked ""rented""), Aug 2026, as reported in the press; no listing data accessed; no official (Belstat) rent level found, belstat.gov.by refused access (HTTP 403). City of Minsk. 2-room 1320; all-dwelling median 1150-1188."
BLR,Gomel,590.0,"BYN per dwelling per month (median rent, 1-room flat)",2026-08,"Kufar Nedvizhimost (Kufar real estate service) rental data, as reported by npr.by, ""Родители vs общежитие: сколько стоит снять жилье для студента в разных городах Беларуси"" (25 Aug 2026)",https://npr.by/roditeli-vs-obshhezhitie-skolko-stoit-snyat-zhile-dlya-studenta-v-raznyh-gorodah-belarusi/,"Median rent of 1-room flats from Kufar Nedvizhimost listings (deals marked ""rented""), Aug 2026, as reported in the press; no listing data accessed; no official (Belstat) rent level found, belstat.gov.by refused access (HTTP 403). City of Gomel. Reported as ""около 590"" (approx.); 2-room ""чуть больше 730""."
BLR,Brest,660.0,"BYN per dwelling per month (median rent, 1-room flat)",2026-08,"Kufar Nedvizhimost (Kufar real estate service) rental data, as reported by npr.by, ""Родители vs общежитие: сколько стоит снять жилье для студента в разных городах Беларуси"" (25 Aug 2026)",https://npr.by/roditeli-vs-obshhezhitie-skolko-stoit-snyat-zhile-dlya-studenta-v-raznyh-gorodah-belarusi/,"Median rent of 1-room flats from Kufar Nedvizhimost listings (deals marked ""rented""), Aug 2026, as reported in the press; no listing data accessed; no official (Belstat) rent level found, belstat.gov.by refused access (HTTP 403). City of Brest. Reported as ""почти 660"" (approx.); 2-room 807."
BEL,Brussels,1333.0,"EUR per dwelling per month (average rent, apartments, new leases via estate agents)",2025,"CIB Vlaanderen & Korfine, Huurbarometer 2025 (published 11 Feb 2026), table apartments in the 13 largest cities",https://community.cib.be/actua/news/0071c6aa-c6a8-46b1-af1c-060d4cb55a43,"City of Brussels (Bruxelles-Ville commune), same figure in the Federia barometer commune table. Brussels-Capital Region apartments: 1330 (median 1250). All three BEL values come from the same Korfine/CIB lease database (about 70,000 leases signed in 2025 via estate agents, UGent cleaning method); agent-mediated new leases only, not sitting tenants or private lets. Statbel open data not used (CAPTCHA)."
BEL,Antwerp,985.0,"EUR per dwelling per month (average rent, apartments, new leases via estate agents)",2025,"CIB Vlaanderen & Korfine, Huurbarometer 2025 (published 11 Feb 2026), table apartments in the 13 largest cities",https://community.cib.be/actua/news/0071c6aa-c6a8-46b1-af1c-060d4cb55a43,"City of Antwerp (whole city). 2024: 954. All three BEL values come from the same Korfine/CIB lease database (about 70,000 leases signed in 2025 via estate agents, UGent cleaning method); agent-mediated new leases only, not sitting tenants or private lets. Statbel open data not used (CAPTCHA)."
BEL,Liège,789.0,"EUR per dwelling per month (average rent, apartments, new leases via estate agents)",2025,"Federia (with CIB and Korfine), Baromètre de locations 2025, press release 11 Feb 2026, table WAL-AGG Appartement",https://www.federia.immo/images/blog/2026-02-11-cp-barometre-des-locations-25_file.pdf,"Liège agglomeration (Federia WAL-AGG table). 2024: 752. All three BEL values come from the same Korfine/CIB lease database (about 70,000 leases signed in 2025 via estate agents, UGent cleaning method); agent-mediated new leases only, not sitting tenants or private lets. Statbel open data not used (CAPTCHA)."
RUS,Moscow,61204.58,"RUB per dwelling per month (average price, 1-room flat rented from private persons)",2026-08,"Rosstat, Средние потребительские цены (тарифы) на товары и услуги по РФ, федеральным округам, субъектам РФ и обследуемым городам в 2026 г., sheet 08(2026), item 9419 Аренда однокомнатной квартиры у частных лиц, месяц",https://rosstat.gov.ru/storage/mediabank/sred_potreb_cen_08-2026.xlsx,"Rosstat surveyed city Город Москва, one-room flat from private owners, item 9419"
RUS,Saint Petersburg,40843.18,"RUB per dwelling per month (average price, 1-room flat rented from private persons)",2026-08,"Rosstat, Средние потребительские цены (тарифы) на товары и услуги по РФ, федеральным округам, субъектам РФ и обследуемым городам в 2026 г., sheet 08(2026), item 9419 Аренда однокомнатной квартиры у частных лиц, месяц",https://rosstat.gov.ru/storage/mediabank/sred_potreb_cen_08-2026.xlsx,"Rosstat surveyed city Город Санкт-Петербург, one-room flat from private owners, item 9419"
RUS,Novosibirsk,28761.01,"RUB per dwelling per month (average price, 1-room flat rented from private persons)",2026-08,"Rosstat, Средние потребительские цены (тарифы) на товары и услуги по РФ, федеральным округам, субъектам РФ и обследуемым городам в 2026 г., sheet 08(2026), item 9419 Аренда однокомнатной квартиры у частных лиц, месяц",https://rosstat.gov.ru/storage/mediabank/sred_potreb_cen_08-2026.xlsx,"Rosstat surveyed city Новосибирск, one-room flat from private owners, item 9419"
RUS,Nizhny Novgorod,22611.92,"RUB per dwelling per month (average price, 1-room flat rented from private persons)",2026-08,"Rosstat, Средние потребительские цены (тарифы) на товары и услуги по РФ, федеральным округам, субъектам РФ и обследуемым городам в 2026 г., sheet 08(2026), item 9419 Аренда однокомнатной квартиры у частных лиц, месяц",https://rosstat.gov.ru/storage/mediabank/sred_potreb_cen_08-2026.xlsx,"Rosstat surveyed city Нижний Новгород, one-room flat from private owners, item 9419"
RUS,Kazan,26655.38,"RUB per dwelling per month (average price, 1-room flat rented from private persons)",2026-08,"Rosstat, Средние потребительские цены (тарифы) на товары и услуги по РФ, федеральным округам, субъектам РФ и обследуемым городам в 2026 г., sheet 08(2026), item 9419 Аренда однокомнатной квартиры у частных лиц, месяц",https://rosstat.gov.ru/storage/mediabank/sred_potreb_cen_08-2026.xlsx,"Rosstat surveyed city Казань, one-room flat from private owners, item 9419"
RUS,Yekaterinburg,29386.17,"RUB per dwelling per month (average price, 1-room flat rented from private persons)",2026-08,"Rosstat, Средние потребительские цены (тарифы) на товары и услуги по РФ, федеральным округам, субъектам РФ и обследуемым городам в 2026 г., sheet 08(2026), item 9419 Аренда однокомнатной квартиры у частных лиц, месяц",https://rosstat.gov.ru/storage/mediabank/sred_potreb_cen_08-2026.xlsx,"Rosstat surveyed city Екатеринбург, one-room flat from private owners, item 9419"
RUS,Rostov-on-Don,20419.82,"RUB per dwelling per month (average price, 1-room flat rented from private persons)",2026-08,"Rosstat, Средние потребительские цены (тарифы) на товары и услуги по РФ, федеральным округам, субъектам РФ и обследуемым городам в 2026 г., sheet 08(2026), item 9419 Аренда однокомнатной квартиры у частных лиц, месяц",https://rosstat.gov.ru/storage/mediabank/sred_potreb_cen_08-2026.xlsx,"Rosstat surveyed city Ростов-на-Дону, one-room flat from private owners, item 9419"
RUS,Samara,22162.62,"RUB per dwelling per month (average price, 1-room flat rented from private persons)",2026-08,"Rosstat, Средние потребительские цены (тарифы) на товары и услуги по РФ, федеральным округам, субъектам РФ и обследуемым городам в 2026 г., sheet 08(2026), item 9419 Аренда однокомнатной квартиры у частных лиц, месяц",https://rosstat.gov.ru/storage/mediabank/sred_potreb_cen_08-2026.xlsx,"Rosstat surveyed city Самара, one-room flat from private owners, item 9419"
RUS,Ufa,20959.74,"RUB per dwelling per month (average price, 1-room flat rented from private persons)",2026-08,"Rosstat, Средние потребительские цены (тарифы) на товары и услуги по РФ, федеральным округам, субъектам РФ и обследуемым городам в 2026 г., sheet 08(2026), item 9419 Аренда однокомнатной квартиры у частных лиц, месяц",https://rosstat.gov.ru/storage/mediabank/sred_potreb_cen_08-2026.xlsx,"Rosstat surveyed city Уфа, one-room flat from private owners, item 9419"
RUS,Omsk,23777.31,"RUB per dwelling per month (average price, 1-room flat rented from private persons)",2026-08,"Rosstat, Средние потребительские цены (тарифы) на товары и услуги по РФ, федеральным округам, субъектам РФ и обследуемым городам в 2026 г., sheet 08(2026), item 9419 Аренда однокомнатной квартиры у частных лиц, месяц",https://rosstat.gov.ru/storage/mediabank/sred_potreb_cen_08-2026.xlsx,"Rosstat surveyed city Омск, one-room flat from private owners, item 9419"
RUS,Voronezh,19897.74,"RUB per dwelling per month (average price, 1-room flat rented from private persons)",2026-08,"Rosstat, Средние потребительские цены (тарифы) на товары и услуги по РФ, федеральным округам, субъектам РФ и обследуемым городам в 2026 г., sheet 08(2026), item 9419 Аренда однокомнатной квартиры у частных лиц, месяц",https://rosstat.gov.ru/storage/mediabank/sred_potreb_cen_08-2026.xlsx,"Rosstat surveyed city Воронеж, one-room flat from private owners, item 9419"
RUS,Chelyabinsk,23130.98,"RUB per dwelling per month (average price, 1-room flat rented from private persons)",2026-08,"Rosstat, Средние потребительские цены (тарифы) на товары и услуги по РФ, федеральным округам, субъектам РФ и обследуемым городам в 2026 г., sheet 08(2026), item 9419 Аренда однокомнатной квартиры у частных лиц, месяц",https://rosstat.gov.ru/storage/mediabank/sred_potreb_cen_08-2026.xlsx,"Rosstat surveyed city Челябинск, one-room flat from private owners, item 9419"
RUS,Saratov,21943.89,"RUB per dwelling per month (average price, 1-room flat rented from private persons)",2026-08,"Rosstat, Средние потребительские цены (тарифы) на товары и услуги по РФ, федеральным округам, субъектам РФ и обследуемым городам в 2026 г., sheet 08(2026), item 9419 Аренда однокомнатной квартиры у частных лиц, месяц",https://rosstat.gov.ru/storage/mediabank/sred_potreb_cen_08-2026.xlsx,"Rosstat surveyed city Саратов, one-room flat from private owners, item 9419"
RUS,Krasnodar,25723.45,"RUB per dwelling per month (average price, 1-room flat rented from private persons)",2026-08,"Rosstat, Средние потребительские цены (тарифы) на товары и услуги по РФ, федеральным округам, субъектам РФ и обследуемым городам в 2026 г., sheet 08(2026), item 9419 Аренда однокомнатной квартиры у частных лиц, месяц",https://rosstat.gov.ru/storage/mediabank/sred_potreb_cen_08-2026.xlsx,"Rosstat surveyed city Краснодар, one-room flat from private owners, item 9419"
RUS,Makhachkala,29303.58,"RUB per dwelling per month (average price, 1-room flat rented from private persons)",2026-08,"Rosstat, Средние потребительские цены (тарифы) на товары и услуги по РФ, федеральным округам, субъектам РФ и обследуемым городам в 2026 г., sheet 08(2026), item 9419 Аренда однокомнатной квартиры у частных лиц, месяц",https://rosstat.gov.ru/storage/mediabank/sred_potreb_cen_08-2026.xlsx,"Rosstat surveyed city Махачкала, one-room flat from private owners, item 9419"
RUS,Volgograd,21974.7,"RUB per dwelling per month (average price, 1-room flat rented from private persons)",2026-08,"Rosstat, Средние потребительские цены (тарифы) на товары и услуги по РФ, федеральным округам, субъектам РФ и обследуемым городам в 2026 г., sheet 08(2026), item 9419 Аренда однокомнатной квартиры у частных лиц, месяц",https://rosstat.gov.ru/storage/mediabank/sred_potreb_cen_08-2026.xlsx,"Rosstat surveyed city Волгоград, one-room flat from private owners, item 9419"
RUS,Tyumen,26658.69,"RUB per dwelling per month (average price, 1-room flat rented from private persons)",2026-08,"Rosstat, Средние потребительские цены (тарифы) на товары и услуги по РФ, федеральным округам, субъектам РФ и обследуемым городам в 2026 г., sheet 08(2026), item 9419 Аренда однокомнатной квартиры у частных лиц, месяц",https://rosstat.gov.ru/storage/mediabank/sred_potreb_cen_08-2026.xlsx,"Rosstat surveyed city Тюмень, one-room flat from private owners, item 9419"
RUS,Izhevsk,21043.96,"RUB per dwelling per month (average price, 1-room flat rented from private persons)",2026-08,"Rosstat, Средние потребительские цены (тарифы) на товары и услуги по РФ, федеральным округам, субъектам РФ и обследуемым городам в 2026 г., sheet 08(2026), item 9419 Аренда однокомнатной квартиры у частных лиц, месяц",https://rosstat.gov.ru/storage/mediabank/sred_potreb_cen_08-2026.xlsx,"Rosstat surveyed city Ижевск, one-room flat from private owners, item 9419"
RUS,Krasnoyarsk,30040.45,"RUB per dwelling per month (average price, 1-room flat rented from private persons)",2026-08,"Rosstat, Средние потребительские цены (тарифы) на товары и услуги по РФ, федеральным округам, субъектам РФ и обследуемым городам в 2026 г., sheet 08(2026), item 9419 Аренда однокомнатной квартиры у частных лиц, месяц",https://rosstat.gov.ru/storage/mediabank/sred_potreb_cen_08-2026.xlsx,"Rosstat surveyed city Красноярск, one-room flat from private owners, item 9419"
RUS,Khabarovsk,41797.28,"RUB per dwelling per month (average price, 1-room flat rented from private persons)",2026-08,"Rosstat, Средние потребительские цены (тарифы) на товары и услуги по РФ, федеральным округам, субъектам РФ и обследуемым городам в 2026 г., sheet 08(2026), item 9419 Аренда однокомнатной квартиры у частных лиц, месяц",https://rosstat.gov.ru/storage/mediabank/sred_potreb_cen_08-2026.xlsx,"Rosstat surveyed city Хабаровск, one-room flat from private owners, item 9419"
RUS,Yaroslavl,19640.21,"RUB per dwelling per month (average price, 1-room flat rented from private persons)",2026-08,"Rosstat, Средние потребительские цены (тарифы) на товары и услуги по РФ, федеральным округам, субъектам РФ и обследуемым городам в 2026 г., sheet 08(2026), item 9419 Аренда однокомнатной квартиры у частных лиц, месяц",https://rosstat.gov.ru/storage/mediabank/sred_potreb_cen_08-2026.xlsx,"Rosstat surveyed city Ярославль, one-room flat from private owners, item 9419"
RUS,Astrakhan,25140.68,"RUB per dwelling per month (average price, 1-room flat rented from private persons)",2026-08,"Rosstat, Средние потребительские цены (тарифы) на товары и услуги по РФ, федеральным округам, субъектам РФ и обследуемым городам в 2026 г., sheet 08(2026), item 9419 Аренда однокомнатной квартиры у частных лиц, месяц",https://rosstat.gov.ru/storage/mediabank/sred_potreb_cen_08-2026.xlsx,"Rosstat surveyed city Астрахань, one-room flat from private owners, item 9419"
RUS,Naberezhnye Chelny,24328.81,"RUB per dwelling per month (average price, 1-room flat rented from private persons)",2026-08,"Rosstat, Средние потребительские цены (тарифы) на товары и услуги по РФ, федеральным округам, субъектам РФ и обследуемым городам в 2026 г., sheet 08(2026), item 9419 Аренда однокомнатной квартиры у частных лиц, месяц",https://rosstat.gov.ru/storage/mediabank/sred_potreb_cen_08-2026.xlsx,"Rosstat surveyed city Набережные Челны, one-room flat from private owners, item 9419"
RUS,Tomsk,26070.05,"RUB per dwelling per month (average price, 1-room flat rented from private persons)",2026-08,"Rosstat, Средние потребительские цены (тарифы) на товары и услуги по РФ, федеральным округам, субъектам РФ и обследуемым городам в 2026 г., sheet 08(2026), item 9419 Аренда однокомнатной квартиры у частных лиц, месяц",https://rosstat.gov.ru/storage/mediabank/sred_potreb_cen_08-2026.xlsx,"Rosstat surveyed city Томск, one-room flat from private owners, item 9419"
RUS,Barnaul,26311.55,"RUB per dwelling per month (average price, 1-room flat rented from private persons)",2026-08,"Rosstat, Средние потребительские цены (тарифы) на товары и услуги по РФ, федеральным округам, субъектам РФ и обследуемым городам в 2026 г., sheet 08(2026), item 9419 Аренда однокомнатной квартиры у частных лиц, месяц",https://rosstat.gov.ru/storage/mediabank/sred_potreb_cen_08-2026.xlsx,"Rosstat surveyed city Барнаул, one-room flat from private owners, item 9419"
RUS,Kaliningrad,31128.43,"RUB per dwelling per month (average price, 1-room flat rented from private persons)",2026-08,"Rosstat, Средние потребительские цены (тарифы) на товары и услуги по РФ, федеральным округам, субъектам РФ и обследуемым городам в 2026 г., sheet 08(2026), item 9419 Аренда однокомнатной квартиры у частных лиц, месяц",https://rosstat.gov.ru/storage/mediabank/sred_potreb_cen_08-2026.xlsx,"Rosstat surveyed city Калининград, one-room flat from private owners, item 9419"
RUS,Cheboksary,20726.97,"RUB per dwelling per month (average price, 1-room flat rented from private persons)",2026-08,"Rosstat, Средние потребительские цены (тарифы) на товары и услуги по РФ, федеральным округам, субъектам РФ и обследуемым городам в 2026 г., sheet 08(2026), item 9419 Аренда однокомнатной квартиры у частных лиц, месяц",https://rosstat.gov.ru/storage/mediabank/sred_potreb_cen_08-2026.xlsx,"Rosstat surveyed city Чебоксары, one-room flat from private owners, item 9419"
RUS,Vladivostok,43749.72,"RUB per dwelling per month (average price, 1-room flat rented from private persons)",2026-08,"Rosstat, Средние потребительские цены (тарифы) на товары и услуги по РФ, федеральным округам, субъектам РФ и обследуемым городам в 2026 г., sheet 08(2026), item 9419 Аренда однокомнатной квартиры у частных лиц, месяц",https://rosstat.gov.ru/storage/mediabank/sred_potreb_cen_08-2026.xlsx,"Rosstat surveyed city Владивосток, one-room flat from private owners, item 9419"
RUS,Penza,17061.83,"RUB per dwelling per month (average price, 1-room flat rented from private persons)",2026-08,"Rosstat, Средние потребительские цены (тарифы) на товары и услуги по РФ, федеральным округам, субъектам РФ и обследуемым городам в 2026 г., sheet 08(2026), item 9419 Аренда однокомнатной квартиры у частных лиц, месяц",https://rosstat.gov.ru/storage/mediabank/sred_potreb_cen_08-2026.xlsx,"Rosstat surveyed city Пенза, one-room flat from private owners, item 9419"
RUS,Irkutsk,30295.15,"RUB per dwelling per month (average price, 1-room flat rented from private persons)",2026-08,"Rosstat, Средние потребительские цены (тарифы) на товары и услуги по РФ, федеральным округам, субъектам РФ и обследуемым городам в 2026 г., sheet 08(2026), item 9419 Аренда однокомнатной квартиры у частных лиц, месяц",https://rosstat.gov.ru/storage/mediabank/sred_potreb_cen_08-2026.xlsx,"Rosstat surveyed city Иркутск, one-room flat from private owners, item 9419"
RUS,Kemerovo,21497.09,"RUB per dwelling per month (average price, 1-room flat rented from private persons)",2026-08,"Rosstat, Средние потребительские цены (тарифы) на товары и услуги по РФ, федеральным округам, субъектам РФ и обследуемым городам в 2026 г., sheet 08(2026), item 9419 Аренда однокомнатной квартиры у частных лиц, месяц",https://rosstat.gov.ru/storage/mediabank/sred_potreb_cen_08-2026.xlsx,"Rosstat surveyed city Кемерово, one-room flat from private owners, item 9419"
RUS,Ryazan,25130.88,"RUB per dwelling per month (average price, 1-room flat rented from private persons)",2026-08,"Rosstat, Средние потребительские цены (тарифы) на товары и услуги по РФ, федеральным округам, субъектам РФ и обследуемым городам в 2026 г., sheet 08(2026), item 9419 Аренда однокомнатной квартиры у частных лиц, месяц",https://rosstat.gov.ru/storage/mediabank/sred_potreb_cen_08-2026.xlsx,"Rosstat surveyed city Рязань, one-room flat from private owners, item 9419"
RUS,Podolsk,36087.76,"RUB per dwelling per month (average price, 1-room flat rented from private persons)",2026-08,"Rosstat, Средние потребительские цены (тарифы) на товары и услуги по РФ, федеральным округам, субъектам РФ и обследуемым городам в 2026 г., sheet 08(2026), item 9419 Аренда однокомнатной квартиры у частных лиц, месяц",https://rosstat.gov.ru/storage/mediabank/sred_potreb_cen_08-2026.xlsx,"Rosstat surveyed city Подольск, one-room flat from private owners, item 9419"
RUS,Orenburg,20069.22,"RUB per dwelling per month (average price, 1-room flat rented from private persons)",2026-08,"Rosstat, Средние потребительские цены (тарифы) на товары и услуги по РФ, федеральным округам, субъектам РФ и обследуемым городам в 2026 г., sheet 08(2026), item 9419 Аренда однокомнатной квартиры у частных лиц, месяц",https://rosstat.gov.ru/storage/mediabank/sred_potreb_cen_08-2026.xlsx,"Rosstat surveyed city Оренбург, one-room flat from private owners, item 9419"
RUS,Ulyanovsk,21534.84,"RUB per dwelling per month (average price, 1-room flat rented from private persons)",2026-08,"Rosstat, Средние потребительские цены (тарифы) на товары и услуги по РФ, федеральным округам, субъектам РФ и обследуемым городам в 2026 г., sheet 08(2026), item 9419 Аренда однокомнатной квартиры у частных лиц, месяц",https://rosstat.gov.ru/storage/mediabank/sred_potreb_cen_08-2026.xlsx,"Rosstat surveyed city Ульяновск, one-room flat from private owners, item 9419"
RUS,Ivanovo,22421.04,"RUB per dwelling per month (average price, 1-room flat rented from private persons)",2026-08,"Rosstat, Средние потребительские цены (тарифы) на товары и услуги по РФ, федеральным округам, субъектам РФ и обследуемым городам в 2026 г., sheet 08(2026), item 9419 Аренда однокомнатной квартиры у частных лиц, месяц",https://rosstat.gov.ru/storage/mediabank/sred_potreb_cen_08-2026.xlsx,"Rosstat surveyed city Иваново, one-room flat from private owners, item 9419"
RUS,Belgorod,18526.22,"RUB per dwelling per month (average price, 1-room flat rented from private persons)",2026-08,"Rosstat, Средние потребительские цены (тарифы) на товары и услуги по РФ, федеральным округам, субъектам РФ и обследуемым городам в 2026 г., sheet 08(2026), item 9419 Аренда однокомнатной квартиры у частных лиц, месяц",https://rosstat.gov.ru/storage/mediabank/sred_potreb_cen_08-2026.xlsx,"Rosstat surveyed city Белгород, one-room flat from private owners, item 9419"
RUS,Stavropol,22994.29,"RUB per dwelling per month (average price, 1-room flat rented from private persons)",2026-08,"Rosstat, Средние потребительские цены (тарифы) на товары и услуги по РФ, федеральным округам, субъектам РФ и обследуемым городам в 2026 г., sheet 08(2026), item 9419 Аренда однокомнатной квартиры у частных лиц, месяц",https://rosstat.gov.ru/storage/mediabank/sred_potreb_cen_08-2026.xlsx,"Rosstat surveyed city Ставрополь, one-room flat from private owners, item 9419"
RUS,Magnitogorsk,17191.89,"RUB per dwelling per month (average price, 1-room flat rented from private persons)",2026-08,"Rosstat, Средние потребительские цены (тарифы) на товары и услуги по РФ, федеральным округам, субъектам РФ и обследуемым городам в 2026 г., sheet 08(2026), item 9419 Аренда однокомнатной квартиры у частных лиц, месяц",https://rosstat.gov.ru/storage/mediabank/sred_potreb_cen_08-2026.xlsx,"Rosstat surveyed city Магнитогорск, one-room flat from private owners, item 9419"
RUS,Tver,25149.71,"RUB per dwelling per month (average price, 1-room flat rented from private persons)",2026-08,"Rosstat, Средние потребительские цены (тарифы) на товары и услуги по РФ, федеральным округам, субъектам РФ и обследуемым городам в 2026 г., sheet 08(2026), item 9419 Аренда однокомнатной квартиры у частных лиц, месяц",https://rosstat.gov.ru/storage/mediabank/sred_potreb_cen_08-2026.xlsx,"Rosstat surveyed city Тверь, one-room flat from private owners, item 9419"
RUS,Vladikavkaz,24365.48,"RUB per dwelling per month (average price, 1-room flat rented from private persons)",2026-08,"Rosstat, Средние потребительские цены (тарифы) на товары и услуги по РФ, федеральным округам, субъектам РФ и обследуемым городам в 2026 г., sheet 08(2026), item 9419 Аренда однокомнатной квартиры у частных лиц, месяц",https://rosstat.gov.ru/storage/mediabank/sred_potreb_cen_08-2026.xlsx,"Rosstat surveyed city Владикавказ, one-room flat from private owners, item 9419"
RUS,Tambov,18207.1,"RUB per dwelling per month (average price, 1-room flat rented from private persons)",2026-08,"Rosstat, Средние потребительские цены (тарифы) на товары и услуги по РФ, федеральным округам, субъектам РФ и обследуемым городам в 2026 г., sheet 08(2026), item 9419 Аренда однокомнатной квартиры у частных лиц, месяц",https://rosstat.gov.ru/storage/mediabank/sred_potreb_cen_08-2026.xlsx,"Rosstat surveyed city Тамбов, one-room flat from private owners, item 9419"
RUS,Tula,30167.8,"RUB per dwelling per month (average price, 1-room flat rented from private persons)",2026-08,"Rosstat, Средние потребительские цены (тарифы) на товары и услуги по РФ, федеральным округам, субъектам РФ и обследуемым городам в 2026 г., sheet 08(2026), item 9419 Аренда однокомнатной квартиры у частных лиц, месяц",https://rosstat.gov.ru/storage/mediabank/sred_potreb_cen_08-2026.xlsx,"Rosstat surveyed city Тула, one-room flat from private owners, item 9419"
TUR,Denizli,250.0,"TRY per m2 per month (average asking rent, residential listings)",2026-08,"Betam (Bahcesehir University) with sahibinden.com, sahibindex Kiralik Konut Piyasasi Gorunumu: Eylul 2026 (published report)",https://betam.bahcesehir.edu.tr/wp-content/uploads/2026/09/Kiralik-Konut-Piyasasi-Gorunumu-Eylul-2026.docx,"Betam table 1, Denizli province"
TUR,Balikesir,265.8,"TRY per m2 per month (average asking rent, residential listings)",2026-08,"Betam (Bahcesehir University) with sahibinden.com, sahibindex Kiralik Konut Piyasasi Gorunumu: Eylul 2026 (published report)",https://betam.bahcesehir.edu.tr/wp-content/uploads/2026/09/Kiralik-Konut-Piyasasi-Gorunumu-Eylul-2026.docx,"Betam table 1, Balikesir province"
TUR,Manisa,227.3,"TRY per m2 per month (average asking rent, residential listings)",2026-08,"Betam (Bahcesehir University) with sahibinden.com, sahibindex Kiralik Konut Piyasasi Gorunumu: Eylul 2026 (published report)",https://betam.bahcesehir.edu.tr/wp-content/uploads/2026/09/Kiralik-Konut-Piyasasi-Gorunumu-Eylul-2026.docx,"Betam table 1, Manisa province"
TUR,Hatay,166.7,"TRY per m2 per month (average asking rent, residential listings)",2026-08,"Betam (Bahcesehir University) with sahibinden.com, sahibindex Kiralik Konut Piyasasi Gorunumu: Eylul 2026 (published report)",https://betam.bahcesehir.edu.tr/wp-content/uploads/2026/09/Kiralik-Konut-Piyasasi-Gorunumu-Eylul-2026.docx,"Betam table 1, Hatay province"
TUR,Iskenderun,166.7,"TRY per m2 per month (average asking rent, residential listings)",2026-08,"Betam (Bahcesehir University) with sahibinden.com, sahibindex Kiralik Konut Piyasasi Gorunumu: Eylul 2026 (published report)",https://betam.bahcesehir.edu.tr/wp-content/uploads/2026/09/Kiralik-Konut-Piyasasi-Gorunumu-Eylul-2026.docx,"Betam table 1, Hatay province (Iskenderun is in Hatay)"
TUR,Malatya,131.8,"TRY per m2 per month (average asking rent, residential listings)",2026-08,"Betam (Bahcesehir University) with sahibinden.com, sahibindex Kiralik Konut Piyasasi Gorunumu: Eylul 2026 (published report)",https://betam.bahcesehir.edu.tr/wp-content/uploads/2026/09/Kiralik-Konut-Piyasasi-Gorunumu-Eylul-2026.docx,"Betam table 1, Malatya province"
TUR,Sincan,300.0,"TRY per m2 per month (average asking rent, residential listings)",2026-08,"Betam (Bahcesehir University) with sahibinden.com, sahibindex Kiralik Konut Piyasasi Gorunumu: Eylul 2026 (published report)",https://betam.bahcesehir.edu.tr/wp-content/uploads/2026/09/Kiralik-Konut-Piyasasi-Gorunumu-Eylul-2026.docx,"Betam table 1, Ankara province (Sincan is a district of Ankara)"
TUR,Cerkezkoy,225.0,"TRY per m2 per month (average asking rent, residential listings)",2026-08,"Betam (Bahcesehir University) with sahibinden.com, sahibindex Kiralik Konut Piyasasi Gorunumu: Eylul 2026 (published report)",https://betam.bahcesehir.edu.tr/wp-content/uploads/2026/09/Kiralik-Konut-Piyasasi-Gorunumu-Eylul-2026.docx,"Betam table 1, Tekirdag province (Cerkezkoy is in Tekirdag)"
ISR,Modiin-Maccabim-Reut,5474.3,"ILS per dwelling per month (average, all sizes 1-4.5+ rooms)",2026-Q2,"Israel Central Bureau of Statistics, Price Statistics Monthly No. 7/2026, Table 4.9 Average Monthly Prices of Rent (NIS), by Residential District, Big Cities and Size Group",https://www.cbs.gov.il/he/publications/Madad/DocLib/2026/price08a/a4_9_e.xlsx,"Center District (4) average, 2026 IV-VI; Modiin is not one of the CBS big cities"
