ccode,city,rent,unit,period,source_name,source_url,notes
ESP,Madrid,13.97,EUR per m2 per month (median),2024,"MIVAU SERPAVI (Sistema Estatal de Referencia del Precio del Alquiler de Vivienda), 2011-2024 database, Municipios sheet",https://cdn.mivau.gob.es/portal-web-mivau/vivienda/serpavi/2026-03_09_bd_SERPAVI_2011-2024%20-%20DEFINITIVO%20WEB_v2.xlsx,"Core municipality only (Madrid, INE code 28079); SERPAVI publishes medians, which cannot be aggregated to a metro. Median monthly rent per m2, collective dwellings (apartments, ALQM2_LV_M_VC_24), all residential leases declared in personal income tax returns (stock of rentals, not new contracts). n=300447 dwellings; 2023 value 13.30"
ESP,Barcelona,13.68,EUR per m2 per month (median),2024,"MIVAU SERPAVI (Sistema Estatal de Referencia del Precio del Alquiler de Vivienda), 2011-2024 database, Municipios sheet",https://cdn.mivau.gob.es/portal-web-mivau/vivienda/serpavi/2026-03_09_bd_SERPAVI_2011-2024%20-%20DEFINITIVO%20WEB_v2.xlsx,"Core municipality only (Barcelona, INE code 08019); SERPAVI publishes medians, which cannot be aggregated to a metro. Median monthly rent per m2, collective dwellings (apartments, ALQM2_LV_M_VC_24), all residential leases declared in personal income tax returns (stock of rentals, not new contracts). n=140872 dwellings; 2023 value 13.14"
ESP,Valencia,8.18,EUR per m2 per month (median),2024,"MIVAU SERPAVI (Sistema Estatal de Referencia del Precio del Alquiler de Vivienda), 2011-2024 database, Municipios sheet",https://cdn.mivau.gob.es/portal-web-mivau/vivienda/serpavi/2026-03_09_bd_SERPAVI_2011-2024%20-%20DEFINITIVO%20WEB_v2.xlsx,"Core municipality only (Valencia, INE code 46250); SERPAVI publishes medians, which cannot be aggregated to a metro. Median monthly rent per m2, collective dwellings (apartments, ALQM2_LV_M_VC_24), all residential leases declared in personal income tax returns (stock of rentals, not new contracts). n=65742 dwellings; 2023 value 7.52"
ESP,Bilbao,11.51,EUR per m2 per month (median),2024,"MIVAU SERPAVI (Sistema Estatal de Referencia del Precio del Alquiler de Vivienda), 2011-2024 database, Municipios sheet",https://cdn.mivau.gob.es/portal-web-mivau/vivienda/serpavi/2026-03_09_bd_SERPAVI_2011-2024%20-%20DEFINITIVO%20WEB_v2.xlsx,"Core municipality only (INE code 48020); median monthly rent per m2, collective dwellings (ALQM2_LV_M_VC_24), all residential leases declared in personal income tax returns (stock, not new contracts). n=13729 dwellings. 2024 is the first year with Basque Country data in SERPAVI (foral tax regime); no earlier year to cross-check"
ESP,Seville,9.17,EUR per m2 per month (median),2024,"MIVAU SERPAVI (Sistema Estatal de Referencia del Precio del Alquiler de Vivienda), 2011-2024 database, Municipios sheet",https://cdn.mivau.gob.es/portal-web-mivau/vivienda/serpavi/2026-03_09_bd_SERPAVI_2011-2024%20-%20DEFINITIVO%20WEB_v2.xlsx,"Core municipality only (Sevilla, INE code 41091); SERPAVI publishes medians, which cannot be aggregated to a metro. Median monthly rent per m2, collective dwellings (apartments, ALQM2_LV_M_VC_24), all residential leases declared in personal income tax returns (stock of rentals, not new contracts). n=34668 dwellings; 2023 value 8.72"
ESP,Zaragoza,7.72,EUR per m2 per month (median),2024,"MIVAU SERPAVI (Sistema Estatal de Referencia del Precio del Alquiler de Vivienda), 2011-2024 database, Municipios sheet",https://cdn.mivau.gob.es/portal-web-mivau/vivienda/serpavi/2026-03_09_bd_SERPAVI_2011-2024%20-%20DEFINITIVO%20WEB_v2.xlsx,"Core municipality only (Zaragoza, INE code 50297); SERPAVI publishes medians, which cannot be aggregated to a metro. Median monthly rent per m2, collective dwellings (apartments, ALQM2_LV_M_VC_24), all residential leases declared in personal income tax returns (stock of rentals, not new contracts). n=53437 dwellings; 2023 value 7.36"
ESP,Malaga,9.55,EUR per m2 per month (median),2024,"MIVAU SERPAVI (Sistema Estatal de Referencia del Precio del Alquiler de Vivienda), 2011-2024 database, Municipios sheet",https://cdn.mivau.gob.es/portal-web-mivau/vivienda/serpavi/2026-03_09_bd_SERPAVI_2011-2024%20-%20DEFINITIVO%20WEB_v2.xlsx,"Core municipality only (Málaga, INE code 29067); SERPAVI publishes medians, which cannot be aggregated to a metro. Median monthly rent per m2, collective dwellings (apartments, ALQM2_LV_M_VC_24), all residential leases declared in personal income tax returns (stock of rentals, not new contracts). n=25741 dwellings; 2023 value 8.86"
ESP,Palma de Mallorca,9.84,EUR per m2 per month (median),2024,"MIVAU SERPAVI (Sistema Estatal de Referencia del Precio del Alquiler de Vivienda), 2011-2024 database, Municipios sheet",https://cdn.mivau.gob.es/portal-web-mivau/vivienda/serpavi/2026-03_09_bd_SERPAVI_2011-2024%20-%20DEFINITIVO%20WEB_v2.xlsx,"Core municipality only (Palma, INE code 07040); SERPAVI publishes medians, which cannot be aggregated to a metro. Median monthly rent per m2, collective dwellings (apartments, ALQM2_LV_M_VC_24), all residential leases declared in personal income tax returns (stock of rentals, not new contracts). n=31529 dwellings; 2023 value 9.26"
ESP,Alicante,7.11,EUR per m2 per month (median),2024,"MIVAU SERPAVI (Sistema Estatal de Referencia del Precio del Alquiler de Vivienda), 2011-2024 database, Municipios sheet",https://cdn.mivau.gob.es/portal-web-mivau/vivienda/serpavi/2026-03_09_bd_SERPAVI_2011-2024%20-%20DEFINITIVO%20WEB_v2.xlsx,"Core municipality only (Alicante/Alacant, INE code 03014); SERPAVI publishes medians, which cannot be aggregated to a metro. Median monthly rent per m2, collective dwellings (apartments, ALQM2_LV_M_VC_24), all residential leases declared in personal income tax returns (stock of rentals, not new contracts). n=19641 dwellings; 2023 value 6.56"
ESP,Las Palmas de Gran Canaria,8.1,EUR per m2 per month (median),2024,"MIVAU SERPAVI (Sistema Estatal de Referencia del Precio del Alquiler de Vivienda), 2011-2024 database, Municipios sheet",https://cdn.mivau.gob.es/portal-web-mivau/vivienda/serpavi/2026-03_09_bd_SERPAVI_2011-2024%20-%20DEFINITIVO%20WEB_v2.xlsx,"Core municipality only (Palmas de Gran Canaria, Las, INE code 35016); SERPAVI publishes medians, which cannot be aggregated to a metro. Median monthly rent per m2, collective dwellings (apartments, ALQM2_LV_M_VC_24), all residential leases declared in personal income tax returns (stock of rentals, not new contracts). n=21347 dwellings; 2023 value 7.69"
ESP,Santa Cruz de Tenerife,7.8,EUR per m2 per month (median),2024,"MIVAU SERPAVI (Sistema Estatal de Referencia del Precio del Alquiler de Vivienda), 2011-2024 database, Municipios sheet",https://cdn.mivau.gob.es/portal-web-mivau/vivienda/serpavi/2026-03_09_bd_SERPAVI_2011-2024%20-%20DEFINITIVO%20WEB_v2.xlsx,"Core municipality only (Santa Cruz de Tenerife, INE code 38038); SERPAVI publishes medians, which cannot be aggregated to a metro. Median monthly rent per m2, collective dwellings (apartments, ALQM2_LV_M_VC_24), all residential leases declared in personal income tax returns (stock of rentals, not new contracts). n=12308 dwellings; 2023 value 7.33"
ESP,Granada,6.85,EUR per m2 per month (median),2024,"MIVAU SERPAVI (Sistema Estatal de Referencia del Precio del Alquiler de Vivienda), 2011-2024 database, Municipios sheet",https://cdn.mivau.gob.es/portal-web-mivau/vivienda/serpavi/2026-03_09_bd_SERPAVI_2011-2024%20-%20DEFINITIVO%20WEB_v2.xlsx,"Core municipality only (Granada, INE code 18087); SERPAVI publishes medians, which cannot be aggregated to a metro. Median monthly rent per m2, collective dwellings (apartments, ALQM2_LV_M_VC_24), all residential leases declared in personal income tax returns (stock of rentals, not new contracts). n=17627 dwellings; 2023 value 6.45"
ESP,Murcia,6.52,EUR per m2 per month (median),2024,"MIVAU SERPAVI (Sistema Estatal de Referencia del Precio del Alquiler de Vivienda), 2011-2024 database, Municipios sheet",https://cdn.mivau.gob.es/portal-web-mivau/vivienda/serpavi/2026-03_09_bd_SERPAVI_2011-2024%20-%20DEFINITIVO%20WEB_v2.xlsx,"Core municipality only (Murcia, INE code 30030); SERPAVI publishes medians, which cannot be aggregated to a metro. Median monthly rent per m2, collective dwellings (apartments, ALQM2_LV_M_VC_24), all residential leases declared in personal income tax returns (stock of rentals, not new contracts). n=19675 dwellings; 2023 value 6.13"
ESP,Valladolid,6.76,EUR per m2 per month (median),2024,"MIVAU SERPAVI (Sistema Estatal de Referencia del Precio del Alquiler de Vivienda), 2011-2024 database, Municipios sheet",https://cdn.mivau.gob.es/portal-web-mivau/vivienda/serpavi/2026-03_09_bd_SERPAVI_2011-2024%20-%20DEFINITIVO%20WEB_v2.xlsx,"Core municipality only (Valladolid, INE code 47186); SERPAVI publishes medians, which cannot be aggregated to a metro. Median monthly rent per m2, collective dwellings (apartments, ALQM2_LV_M_VC_24), all residential leases declared in personal income tax returns (stock of rentals, not new contracts). n=21101 dwellings; 2023 value 6.45"
ESP,Pamplona,7.93,EUR per m2 per month (median),2024,"MIVAU SERPAVI (Sistema Estatal de Referencia del Precio del Alquiler de Vivienda), 2011-2024 database, Municipios sheet",https://cdn.mivau.gob.es/portal-web-mivau/vivienda/serpavi/2026-03_09_bd_SERPAVI_2011-2024%20-%20DEFINITIVO%20WEB_v2.xlsx,"Core municipality only (Pamplona/Iruña, INE code 31201); SERPAVI publishes medians, which cannot be aggregated to a metro. Median monthly rent per m2, collective dwellings (apartments, ALQM2_LV_M_VC_24), all residential leases declared in personal income tax returns (stock of rentals, not new contracts). n=11675 dwellings; 2023 value 7.62; Navarre is a foral tax territory but SERPAVI covers it"
ITA,Milan,13.33,EUR per m2 per month (average),2025,"Agenzia delle Entrate, Osservatorio del Mercato Immobiliare (OMI), Rapporto Immobiliare 2026 residenziale - allegato dati locazioni abitazioni (registered lease contracts)",https://www.agenziaentrate.gov.it/portale/documents/d/guest/dati_locazioni_capoluoghi_2018_2024-csv,"Metro = Citta metropolitana di Milano (all comuni in province MI, summed: total annual rent / total m2 / 12). Average (not median) rent of dwellings let in full under new contracts registered in 2025, segment ORD_L (ordinary free-market long-term, 4+4). 52810 contracts. Core comune Milano: 17.17 (29173 contracts). Check: comune value x12 = 206 EUR/m2/yr, matches RI2026 text."
ITA,Rome,11.33,EUR per m2 per month (average),2025,"Agenzia delle Entrate, Osservatorio del Mercato Immobiliare (OMI), Rapporto Immobiliare 2026 residenziale - allegato dati locazioni abitazioni (registered lease contracts)",https://www.agenziaentrate.gov.it/portale/documents/d/guest/dati_locazioni_capoluoghi_2018_2024-csv,"Metro = Citta metropolitana di Roma Capitale (all comuni in province RM, summed: total annual rent / total m2 / 12). Average (not median) rent of dwellings let in full under new contracts registered in 2025, segment ORD_L (ordinary free-market long-term, 4+4). 16074 contracts. Core comune Roma: 13.51 (10818 contracts)."
ITA,Turin,7.16,EUR per m2 per month (average),2025,"Agenzia delle Entrate, Osservatorio del Mercato Immobiliare (OMI), Rapporto Immobiliare 2026 residenziale - allegato dati locazioni abitazioni (registered lease contracts)",https://www.agenziaentrate.gov.it/portale/documents/d/guest/dati_locazioni_capoluoghi_2018_2024-csv,"Metro = Citta metropolitana di Torino (all comuni in province TO, summed: total annual rent / total m2 / 12). Average (not median) rent of dwellings let in full under new contracts registered in 2025, segment ORD_L (ordinary free-market long-term, 4+4). 27410 contracts. Core comune Torino: 9.44 (14125 contracts)."
ITA,Florence,10.54,EUR per m2 per month (average),2025,"Agenzia delle Entrate, Osservatorio del Mercato Immobiliare (OMI), Rapporto Immobiliare 2026 residenziale - allegato dati locazioni abitazioni (registered lease contracts)",https://www.agenziaentrate.gov.it/portale/documents/d/guest/dati_locazioni_capoluoghi_2018_2024-csv,"Metro = Citta metropolitana di Firenze (all comuni in province FI, summed: total annual rent / total m2 / 12). Average (not median) rent of dwellings let in full under new contracts registered in 2025, segment ORD_L (ordinary free-market long-term, 4+4). 8377 contracts. Core comune Firenze: 13.92 (4232 contracts)."
ITA,Palermo,4.83,EUR per m2 per month (average),2025,"Agenzia delle Entrate, Osservatorio del Mercato Immobiliare (OMI), Rapporto Immobiliare 2026 residenziale - allegato dati locazioni abitazioni (registered lease contracts)",https://www.agenziaentrate.gov.it/portale/documents/d/guest/dati_locazioni_capoluoghi_2018_2024-csv,"Metro = Citta metropolitana di Palermo (all comuni in province PA, summed: total annual rent / total m2 / 12). Average (not median) rent of dwellings let in full under new contracts registered in 2025, segment ORD_L (ordinary free-market long-term, 4+4). 7929 contracts. Core comune Palermo: 5.71 (4639 contracts)."
ITA,Genoa,6.95,EUR per m2 per month (average),2025,"Agenzia delle Entrate, Osservatorio del Mercato Immobiliare (OMI), Rapporto Immobiliare 2026 residenziale - allegato dati locazioni abitazioni (registered lease contracts)",https://www.agenziaentrate.gov.it/portale/documents/d/guest/dati_locazioni_capoluoghi_2018_2024-csv,"Metro = Citta metropolitana di Genova (all comuni in province GE, summed: total annual rent / total m2 / 12). Average (not median) rent of dwellings let in full under new contracts registered in 2025, segment ORD_L (ordinary free-market long-term, 4+4). 4098 contracts. Core comune Genova: 7.26 (1944 contracts)."
ITA,Bologna,10.58,EUR per m2 per month (average),2025,"Agenzia delle Entrate, Osservatorio del Mercato Immobiliare (OMI), Rapporto Immobiliare 2026 residenziale - allegato dati locazioni abitazioni (registered lease contracts)",https://www.agenziaentrate.gov.it/portale/documents/d/guest/dati_locazioni_capoluoghi_2018_2024-csv,"Metro = Citta metropolitana di Bologna (all comuni in province BO, summed: total annual rent / total m2 / 12). Average (not median) rent of dwellings let in full under new contracts registered in 2025, segment ORD_L (ordinary free-market long-term, 4+4). 12737 contracts. Core comune Bologna: 13.02 (7863 contracts)."
ITA,Catania,4.45,EUR per m2 per month (average),2025,"Agenzia delle Entrate, Osservatorio del Mercato Immobiliare (OMI), Rapporto Immobiliare 2026 residenziale - allegato dati locazioni abitazioni (registered lease contracts)",https://www.agenziaentrate.gov.it/portale/documents/d/guest/dati_locazioni_capoluoghi_2018_2024-csv,"Metro = Citta metropolitana di Catania (all comuni in province CT, summed: total annual rent / total m2 / 12). Average (not median) rent of dwellings let in full under new contracts registered in 2025, segment ORD_L (ordinary free-market long-term, 4+4). 5496 contracts. Core comune Catania: 5.13 (1843 contracts)."
ITA,Bergamo,6.53,EUR per m2 per month (average),2025,"Agenzia delle Entrate, Osservatorio del Mercato Immobiliare (OMI), Rapporto Immobiliare 2026 residenziale - allegato dati locazioni abitazioni (registered lease contracts)",https://www.agenziaentrate.gov.it/portale/documents/d/guest/dati_locazioni_capoluoghi_2018_2024-csv,"Metro = Provincia di Bergamo (all comuni in province BG, summed: total annual rent / total m2 / 12). Average (not median) rent of dwellings let in full under new contracts registered in 2025, segment ORD_L (ordinary free-market long-term, 4+4). 10074 contracts. Core comune Bergamo: 9.69 (1672 contracts). Province used as the metro proxy; it is wider than the urban area."
ITA,Bari,5.26,EUR per m2 per month (average),2025,"Agenzia delle Entrate, Osservatorio del Mercato Immobiliare (OMI), Rapporto Immobiliare 2026 residenziale - allegato dati locazioni abitazioni (registered lease contracts)",https://www.agenziaentrate.gov.it/portale/documents/d/guest/dati_locazioni_capoluoghi_2018_2024-csv,"Metro = Citta metropolitana di Bari (all comuni in province BA, summed: total annual rent / total m2 / 12). Average (not median) rent of dwellings let in full under new contracts registered in 2025, segment ORD_L (ordinary free-market long-term, 4+4). 9539 contracts. Core comune Bari: 7.92 (1766 contracts)."
ITA,Busto Arsizio,7.09,EUR per m2 per month (average),2025,"Agenzia delle Entrate, Osservatorio del Mercato Immobiliare (OMI), Rapporto Immobiliare 2026 residenziale - allegato dati locazioni abitazioni (registered lease contracts)",https://www.agenziaentrate.gov.it/portale/documents/d/guest/dati_locazioni_capoluoghi_2018_2024-csv,"Metro = Provincia di Varese (all comuni in province VA, summed: total annual rent / total m2 / 12). Average (not median) rent of dwellings let in full under new contracts registered in 2025, segment ORD_L (ordinary free-market long-term, 4+4). 9258 contracts. Core comune Busto Arsizio: 7.57 (831 contracts). Province used as the metro proxy; it is wider than the urban area."
PRT,Lisbon,17.43,EUR per m2 per month (median),Jul 2025-Jun 2026,"Statistics Portugal (INE), House rental statistics at local level, 2nd Quarter 2026 release (Destaque_RENDAS_2026_2T, sheet Municipality)",https://www.ine.pt/ngt_server/attachfileu.jsp?look_parentBoui=817241856&att_display=n&att_download=y,"Core municipality Lisboa (1A01106). Median rent per m2 of new lease agreements, last 12 months ending June 2026, 17575 contracts. Core used because NUTS 2024 no longer has an AML unit: Grande Lisboa excludes the Setubal peninsula, so it is not comparable with the full AMP. Metro reference (single quarter 2Q2026 median): Grande Lisboa NUTS III 15.24"
PRT,Porto,14.48,EUR per m2 per month (median),Jul 2025-Jun 2026,"Statistics Portugal (INE), House rental statistics at local level, 2nd Quarter 2026 release (Destaque_RENDAS_2026_2T, sheet Municipality)",https://www.ine.pt/ngt_server/attachfileu.jsp?look_parentBoui=817241856&att_display=n&att_download=y,"Core municipality Porto (11A1312). Median rent per m2 of new lease agreements, last 12 months ending June 2026, 7757 contracts. Core used because NUTS 2024 no longer has an AML unit: Grande Lisboa excludes the Setubal peninsula, so it is not comparable with the full AMP. Metro reference (single quarter 2Q2026 median): Area Metropolitana do Porto NUTS III 10.83"
