city,ons_area,rent,ratio
London,London,2332.0,1.6657142857142857
Birmingham,Birmingham,1099.0,0.785
Manchester,Manchester,1373.0,0.9807142857142858
Liverpool,Liverpool,913.0,0.6521428571428571
Leeds,Leeds,1145.0,0.8178571428571428
Glasgow,Greater Glasgow,1266.0,0.9042857142857142
Newcastle upon Tyne,Newcastle upon Tyne,1215.0,0.8678571428571429
Bristol,"Bristol, City of",1883.0,1.345
Sheffield,Sheffield,931.0,0.665
Nottingham,Nottingham,1014.0,0.7242857142857143
Edinburgh,Lothian,1415.0,1.0107142857142857
Leicester,Leicester,1023.0,0.7307142857142858
Portsmouth,Portsmouth,1368.0,0.9771428571428571
Brighton,Brighton and Hove,1808.0,1.2914285714285714
Coventry,Coventry,1020.0,0.7285714285714285
Belfast,Northern Ireland,874.0,0.6242857142857143
Cardiff,Cardiff,1177.0,0.8407142857142857
Bournemouth,"Bournemouth, Christchurch and Poole",1398.0,0.9985714285714286
Southampton,Southampton,1257.0,0.8978571428571429
Middlesbrough,Middlesbrough,698.0,0.49857142857142855
Stoke-on-Trent,Stoke-on-Trent,715.0,0.5107142857142857
Hull,"Kingston upon Hull, City of",694.0,0.4957142857142857
Wakefield,Wakefield,806.0,0.5757142857142857
